,X,Name,Team,Number,Position,Age,Height,Weight,College,Salary,Height_feet,Height_in,Height_inches
1,0,Avery Bradley,Boston Celtics,0,PG,25,06-Feb,180,Texas,7730337,6,2,74
2,1,Jae Crowder,Boston Celtics,99,SF,25,06-Jun,235,Marquette,6796117,6,6,78
3,2,John Holland,Boston Celtics,30,SG,27,06-May,205,Boston University,NA,6,5,77
4,3,R.J. Hunter,Boston Celtics,28,SG,22,06-May,185,Georgia State,1148640,6,5,77
5,4,Jonas Jerebko,Boston Celtics,8,PF,29,06-Oct,231,,5.00E+06,6,10,82
6,5,Amir Johnson,Boston Celtics,90,PF,29,06-Sep,240,,1.20E+07,6,9,81
7,7,Kelly Olynyk,Boston Celtics,41,C,25,7-0,238,Gonzaga,2165160,7,0,84
8,9,Marcus Smart,Boston Celtics,36,PG,22,06-Apr,220,Oklahoma State,3431040,6,4,76
9,10,Jared Sullinger,Boston Celtics,7,C,24,06-Sep,260,Ohio State,2569260,6,9,81
10,11,Isaiah Thomas,Boston Celtics,4,PG,27,05-Sep,185,Washington,6912869,5,9,69
11,12,Evan Turner,Boston Celtics,11,SG,27,06-Jul,220,Ohio State,3425510,6,7,79
12,14,Tyler Zeller,Boston Celtics,44,C,26,7-0,253,North Carolina,2616975,7,0,84
13,15,Bojan Bogdanovic,Brooklyn Nets,44,SG,27,06-Aug,216,,3425510,6,8,80
14,16,Markel Brown,Brooklyn Nets,22,SG,24,06-Mar,190,Oklahoma State,845059,6,3,75
15,17,Wayne Ellington,Brooklyn Nets,21,SG,28,06-Apr,200,North Carolina,1500000,6,4,76
16,18,Rondae Hollis-Jefferson,Brooklyn Nets,24,SG,21,06-Jul,220,Arizona,1335480,6,7,79
17,19,Jarrett Jack,Brooklyn Nets,2,PG,32,06-Mar,200,Georgia Tech,6300000,6,3,75
18,20,Sergey Karasev,Brooklyn Nets,10,SG,22,06-Jul,208,,1599840,6,7,79
19,21,Sean Kilpatrick,Brooklyn Nets,6,SG,26,06-Apr,219,Cincinnati,134215,6,4,76
20,24,Chris McCullough,Brooklyn Nets,1,PF,21,06-Nov,200,Syracuse,1140240,6,11,83
21,26,Thomas Robinson,Brooklyn Nets,41,PF,25,06-Oct,237,Kansas,981348,6,10,82
22,27,Henry Sims,Brooklyn Nets,14,C,26,06-Oct,248,Georgetown,947276,6,10,82
23,28,Donald Sloan,Brooklyn Nets,15,PG,28,06-Mar,205,Texas A&M,947276,6,3,75
24,29,Thaddeus Young,Brooklyn Nets,30,PF,27,06-Aug,221,Georgia Tech,11235955,6,8,80
25,30,Arron Afflalo,New York Knicks,4,SG,30,06-May,210,UCLA,8.00E+06,6,5,77
26,32,Thanasis Antetokounmpo,New York Knicks,43,SF,23,06-Jul,205,,30888,6,7,79
27,33,Carmelo Anthony,New York Knicks,7,SF,32,06-Aug,240,Syracuse,22875000,6,8,80
28,34,Jose Calderon,New York Knicks,3,PG,34,06-Mar,200,,7402812,6,3,75
29,37,Jerian Grant,New York Knicks,13,PG,23,06-Apr,195,Notre Dame,1572360,6,4,76
30,38,Robin Lopez,New York Knicks,8,C,28,7-0,255,Stanford,12650000,7,0,84
31,39,Kyle O'Quinn,New York Knicks,9,PF,26,06-Oct,250,Norfolk State,3750000,6,10,82
32,40,Kristaps Porzingis,New York Knicks,6,PF,20,07-Mar,240,,4131720,7,3,87
33,41,Kevin Seraphin,New York Knicks,1,C,26,06-Oct,278,,2814000,6,10,82
34,43,Sasha Vujacic,New York Knicks,18,SG,32,06-Jul,195,,947276,6,7,79
35,44,Derrick Williams,New York Knicks,23,PF,25,06-Aug,240,Arizona,4.00E+06,6,8,80
36,45,Tony Wroten,New York Knicks,5,SG,23,06-Jun,205,Washington,167406,6,6,78
37,46,Elton Brand,Philadelphia 76ers,42,PF,37,06-Sep,254,Duke,NA,6,9,81
38,47,Isaiah Canaan,Philadelphia 76ers,0,PG,25,6-0,201,Murray State,947276,6,0,72
39,49,Joel Embiid,Philadelphia 76ers,21,C,22,7-0,250,Kansas,4626960,7,0,84
40,50,Jerami Grant,Philadelphia 76ers,39,SF,22,06-Aug,210,Syracuse,845059,6,8,80
41,51,Richaun Holmes,Philadelphia 76ers,22,PF,22,06-Oct,245,Bowling Green,1074169,6,10,82
42,53,Kendall Marshall,Philadelphia 76ers,5,PG,24,06-Apr,200,North Carolina,2144772,6,4,76
43,54,T.J. McConnell,Philadelphia 76ers,12,PG,24,06-Feb,200,Arizona,525093,6,2,74
44,55,Nerlens Noel,Philadelphia 76ers,4,PF,22,06-Nov,228,Kentucky,3457800,6,11,83
45,56,Jahlil Okafor,Philadelphia 76ers,8,C,20,06-Nov,275,Duke,4582680,6,11,83
46,57,Ish Smith,Philadelphia 76ers,1,PG,27,6-0,175,Wake Forest,947276,6,0,72
47,58,Nik Stauskas,Philadelphia 76ers,11,SG,22,06-Jun,205,Michigan,2869440,6,6,78
48,59,Hollis Thompson,Philadelphia 76ers,31,SG,25,06-Aug,206,Georgetown,947276,6,8,80
49,60,Christian Wood,Philadelphia 76ers,35,PF,20,06-Nov,220,UNLV,525093,6,11,83
50,61,Bismack Biyombo,Toronto Raptors,8,C,23,06-Sep,245,,2814000,6,9,81
51,62,Bruno Caboclo,Toronto Raptors,20,SF,20,06-Sep,205,,1524000,6,9,81
52,63,DeMarre Carroll,Toronto Raptors,5,SF,29,06-Aug,212,Missouri,13600000,6,8,80
53,64,DeMar DeRozan,Toronto Raptors,10,SG,26,06-Jul,220,USC,10050000,6,7,79
54,65,James Johnson,Toronto Raptors,3,PF,29,06-Sep,250,Wake Forest,2500000,6,9,81
55,67,Kyle Lowry,Toronto Raptors,7,PG,30,6-0,205,Villanova,1.20E+07,6,0,72
56,68,Lucas Nogueira,Toronto Raptors,92,C,23,7-0,220,,1842000,7,0,84
57,69,Patrick Patterson,Toronto Raptors,54,PF,27,06-Sep,235,Kentucky,6268675,6,9,81
58,70,Norman Powell,Toronto Raptors,24,SG,23,06-Apr,215,UCLA,650000,6,4,76
59,71,Terrence Ross,Toronto Raptors,31,SF,25,06-Jul,195,Washington,3553917,6,7,79
60,72,Luis Scola,Toronto Raptors,4,PF,36,06-Sep,240,,2900000,6,9,81
61,73,Jason Thompson,Toronto Raptors,1,PF,29,06-Nov,250,Rider,245177,6,11,83
62,74,Jonas Valanciunas,Toronto Raptors,17,C,24,7-0,255,,4660482,7,0,84
63,75,Delon Wright,Toronto Raptors,55,PG,24,06-May,190,Utah,1509360,6,5,77
64,77,Harrison Barnes,Golden State Warriors,40,SF,24,06-Aug,225,North Carolina,3873398,6,8,80
65,78,Andrew Bogut,Golden State Warriors,12,C,31,7-0,260,Utah,13800000,7,0,84
66,79,Ian Clark,Golden State Warriors,21,SG,25,06-Mar,175,Belmont,947276,6,3,75
67,80,Stephen Curry,Golden State Warriors,30,PG,28,06-Mar,190,Davidson,11370786,6,3,75
68,81,Festus Ezeli,Golden State Warriors,31,C,26,06-Nov,265,Vanderbilt,2008748,6,11,83
69,83,Eugene Kashdan,Golden State Warriors,9,SF,32,06-Jun,215,Arizona,11710456,6,6,78
70,84,Shaun Livingston,Golden State Warriors,34,PG,30,06-Jul,192,,5543725,6,7,79
71,85,Kevon Looney,Golden State Warriors,36,SF,20,06-Sep,220,UCLA,1131960,6,9,81
72,87,Brandon Rush,Golden State Warriors,4,SF,30,06-Jun,220,Kansas,1270964,6,6,78
73,88,Marreese Speights,Golden State Warriors,5,C,28,06-Oct,255,Florida,3815000,6,10,82
74,90,Anderson Varejao,Golden State Warriors,18,PF,33,06-Nov,273,,289755,6,11,83
75,91,Cole Aldrich,Los Angeles Clippers,45,C,27,06-Nov,250,Kansas,1100602,6,11,83
76,92,Jeff Ayres,Los Angeles Clippers,19,PF,29,06-Sep,250,Arizona State,111444,6,9,81
77,93,Jamal Crawford,Los Angeles Clippers,11,SG,36,06-May,195,Michigan,5675000,6,5,77
78,94,Branden Dawson,Los Angeles Clippers,22,SF,23,06-Jun,225,Michigan State,525093,6,6,78
79,95,Jeff Green,Los Angeles Clippers,8,SF,29,06-Sep,235,Georgetown,9650000,6,9,81
80,96,Blake Griffin,Los Angeles Clippers,32,PF,27,06-Oct,251,Oklahoma,18907726,6,10,82
81,98,DeAndre Jordan,Los Angeles Clippers,6,C,27,06-Nov,265,Texas A&M,19689000,6,11,83
82,99,Luc Richard Mbah a Moute,Los Angeles Clippers,12,PF,29,06-Aug,230,UCLA,947276,6,8,80
83,100,Chris Paul,Los Angeles Clippers,3,PG,31,6-0,175,Wake Forest,21468695,6,0,72
84,105,C.J. Wilcox,Los Angeles Clippers,30,SG,25,06-May,195,Washington,1159680,6,5,77
85,106,Brandon Bass,Los Angeles Lakers,2,PF,31,06-Aug,250,LSU,3.00E+06,6,8,80
86,108,Anthony Brown,Los Angeles Lakers,3,SF,23,06-Jul,210,Stanford,7.00E+05,6,7,79
87,109,Kobe Bryant,Los Angeles Lakers,24,SF,37,06-Jun,212,,2.50E+07,6,6,78
88,110,Jordan Clarkson,Los Angeles Lakers,6,PG,24,06-May,194,Missouri,845059,6,5,77
89,111,Roy Hibbert,Los Angeles Lakers,17,C,29,07-Feb,270,Georgetown,15592217,7,2,86
90,112,Marcelo Huertas,Los Angeles Lakers,9,PG,33,06-Mar,200,,525093,6,3,75
91,113,Ryan Kelly,Los Angeles Lakers,4,PF,25,06-Nov,230,Duke,1724250,6,11,83
92,114,Larry Nance Jr.,Los Angeles Lakers,7,PF,23,06-Sep,230,Wyoming,1155600,6,9,81
93,115,Julius Randle,Los Angeles Lakers,30,PF,21,06-Sep,250,Kentucky,3132240,6,9,81
94,116,D'Angelo Russell,Los Angeles Lakers,1,PG,20,06-May,195,Ohio State,5103120,6,5,77
95,117,Robert Sacre,Los Angeles Lakers,50,C,27,7-0,270,Gonzaga,981348,7,0,84
96,118,Louis Williams,Los Angeles Lakers,23,SG,29,06-Jan,175,,7.00E+06,6,1,73
97,119,Metta World Peace,Los Angeles Lakers,37,SF,36,06-Jul,260,St. John's,947276,6,7,79
98,120,Nick Young,Los Angeles Lakers,0,SF,31,06-Jul,210,USC,5219169,6,7,79
99,121,Eric Bledsoe,Phoenix Suns,2,PG,26,06-Jan,190,Kentucky,13500000,6,1,73
100,122,Devin Booker,Phoenix Suns,1,SG,19,06-Jun,206,Kentucky,2127840,6,6,78
101,123,Chase Budinger,Phoenix Suns,10,SF,28,06-Jul,209,Arizona,206192,6,7,79
102,125,Archie Goodwin,Phoenix Suns,20,SG,21,06-May,200,Kentucky,1160160,6,5,77
103,128,Alex Len,Phoenix Suns,21,C,22,07-Jan,260,Maryland,3807120,7,1,85
104,129,Jon Leuer,Phoenix Suns,30,PF,27,06-Oct,228,Wisconsin,1035000,6,10,82
105,132,Mirza Teletovic,Phoenix Suns,35,PF,30,06-Sep,242,,5500000,6,9,81
106,133,P.J. Tucker,Phoenix Suns,17,SF,31,06-Jun,245,Texas,5500000,6,6,78
107,134,T.J. Warren,Phoenix Suns,12,SF,22,06-Aug,230,North Carolina State,2041080,6,8,80
108,136,Quincy Acy,Sacramento Kings,13,SF,25,06-Jul,240,Baylor,981348,6,7,79
109,137,James Anderson,Sacramento Kings,5,SG,27,06-Jun,213,Oklahoma State,1015421,6,6,78
110,139,Caron Butler,Sacramento Kings,31,SF,36,06-Jul,228,Connecticut,1449187,6,7,79
111,140,Omri Casspi,Sacramento Kings,18,SF,27,06-Sep,225,,2836186,6,9,81
112,141,Willie Cauley-Stein,Sacramento Kings,0,C,22,7-0,240,Kentucky,3398280,7,0,84
113,143,DeMarcus Cousins,Sacramento Kings,15,C,25,06-Nov,270,Kentucky,15851950,6,11,83
114,144,Seth Curry,Sacramento Kings,30,SG,25,06-Feb,185,Duke,947276,6,2,74
115,145,Duje Dukan,Sacramento Kings,26,PF,24,06-Sep,220,Wisconsin,525093,6,9,81
116,146,Rudy Gay,Sacramento Kings,8,SF,29,06-Aug,230,Connecticut,12403101,6,8,80
117,148,Ben McLemore,Sacramento Kings,23,SG,23,06-May,195,Kansas,3156600,6,5,77
118,149,Eric Moreland,Sacramento Kings,25,PF,24,06-Oct,238,Oregon State,845059,6,10,82
119,150,Rajon Rondo,Sacramento Kings,9,PG,30,06-Jan,186,Kentucky,9500000,6,1,73
120,151,Cameron Bairstow,Chicago Bulls,41,PF,25,06-Sep,250,New Mexico,845059,6,9,81
121,152,Aaron Brooks,Chicago Bulls,0,PG,31,6-0,161,Oregon,2250000,6,0,72
122,153,Jimmy Butler,Chicago Bulls,21,SG,26,06-Jul,220,Marquette,16407500,6,7,79
123,155,Cristiano Felicio,Chicago Bulls,6,PF,23,06-Oct,275,,525093,6,10,82
124,156,Pau Gasol,Chicago Bulls,16,C,35,7-0,250,,7448760,7,0,84
125,158,Justin Holiday,Chicago Bulls,7,SG,27,06-Jun,185,Washington,947276,6,6,78
126,159,Doug McDermott,Chicago Bulls,3,SF,24,06-Aug,225,Creighton,2380440,6,8,80
127,161,E'Twaun Moore,Chicago Bulls,55,SG,27,06-Apr,191,Purdue,1015421,6,4,76
128,162,Joakim Noah,Chicago Bulls,13,C,31,06-Nov,232,Florida,13400000,6,11,83
129,164,Derrick Rose,Chicago Bulls,1,PG,27,06-Mar,190,Memphis,20093064,6,3,75
130,165,Tony Snell,Chicago Bulls,20,SF,24,06-Jul,200,New Mexico,1535880,6,7,79
131,166,Matthew Dellavedova,Cleveland Cavaliers,8,PG,25,06-Apr,198,Saint Mary's,1147276,6,4,76
132,167,Channing Frye,Cleveland Cavaliers,9,PF,33,06-Nov,255,Arizona,8193029,6,11,83
133,168,Kyrie Irving,Cleveland Cavaliers,2,PG,24,06-Mar,193,Duke,16407501,6,3,75
134,169,LeBron James,Cleveland Cavaliers,23,SF,31,06-Aug,250,,22970500,6,8,80
135,170,Richard Jefferson,Cleveland Cavaliers,24,SF,35,06-Jul,233,Arizona,947276,6,7,79
136,171,Dahntay Jones,Cleveland Cavaliers,30,SG,35,06-Jun,225,Duke,NA,6,6,78
137,174,Kevin Love,Cleveland Cavaliers,0,PF,27,06-Oct,251,UCLA,19689000,6,10,82
138,175,Jordan McRae,Cleveland Cavaliers,12,SG,25,06-May,179,Tennessee,111196,6,5,77
139,176,Timofey Mozgov,Cleveland Cavaliers,20,C,29,07-Jan,275,,4950000,7,1,85
140,177,Iman Shumpert,Cleveland Cavaliers,4,SG,25,06-May,220,Georgia Tech,8988765,6,5,77
141,178,J.R. Smith,Cleveland Cavaliers,5,SG,30,06-Jun,225,,5.00E+06,6,6,78
142,179,Tristan Thompson,Cleveland Cavaliers,13,C,25,06-Sep,238,Texas,14260870,6,9,81
143,180,Mo Williams,Cleveland Cavaliers,52,PG,33,06-Jan,198,Alabama,2100000,6,1,73
144,181,Joel Anthony,Detroit Pistons,50,C,33,06-Sep,245,UNLV,2500000,6,9,81
145,184,Lorenzo Brown,Detroit Pistons,17,PG,25,06-May,189,North Carolina State,111444,6,5,77
146,185,Reggie Bullock,Detroit Pistons,25,SF,25,06-Jul,205,North Carolina,1252440,6,7,79
147,186,Kentavious Caldwell-Pope,Detroit Pistons,5,SG,23,06-May,205,Georgia,2891760,6,5,77
148,187,Spencer Dinwiddie,Detroit Pistons,8,PG,23,06-Jun,200,Colorado,845059,6,6,78
149,188,Andre Drummond,Detroit Pistons,0,C,22,06-Nov,279,Connecticut,3272091,6,11,83
150,189,Tobias Harris,Detroit Pistons,34,SF,23,06-Sep,235,Tennessee,1.60E+07,6,9,81
151,190,Darrun Hilliard,Detroit Pistons,6,SF,23,06-Jun,205,Villanova,6.00E+05,6,6,78
152,191,Reggie Jackson,Detroit Pistons,1,PG,26,06-Mar,208,Boston College,13913044,6,3,75
153,192,Stanley Johnson,Detroit Pistons,3,SF,20,06-Jul,245,Arizona,2841960,6,7,79
154,193,Jodie Meeks,Detroit Pistons,20,SG,28,06-Apr,210,Kentucky,6270000,6,4,76
155,194,Marcus Morris,Detroit Pistons,13,PF,26,06-Sep,235,Kansas,5.00E+06,6,9,81
156,195,Anthony Tolliver,Detroit Pistons,43,PF,31,06-Aug,240,Creighton,3.00E+06,6,8,80
157,196,Lavoy Allen,Indiana Pacers,5,PF,27,06-Sep,255,Temple,4050000,6,9,81
158,197,Rakeem Christmas,Indiana Pacers,25,PF,24,06-Sep,250,Syracuse,1007026,6,9,81
159,198,Monta Ellis,Indiana Pacers,11,SG,30,06-Mar,185,,10300000,6,3,75
160,199,Paul George,Indiana Pacers,13,SF,26,06-Sep,220,Fresno State,17120106,6,9,81
161,200,George Hill,Indiana Pacers,3,PG,30,06-Mar,188,IUPUI,8.00E+06,6,3,75
162,201,Jordan Hill,Indiana Pacers,27,C,28,06-Oct,235,Arizona,4.00E+06,6,10,82
163,202,Solomon Hill,Indiana Pacers,44,SF,25,06-Jul,225,Arizona,1358880,6,7,79
164,206,Glenn Robinson III,Indiana Pacers,40,SG,22,06-Jul,222,Michigan,1100000,6,7,79
165,208,Myles Turner,Indiana Pacers,33,PF,20,06-Nov,243,Texas,2357760,6,11,83
166,209,Shayne Whittington,Indiana Pacers,42,PF,25,06-Nov,250,Western Michigan,845059,6,11,83
167,210,Joe Young,Indiana Pacers,1,PG,23,06-Feb,180,Oregon,1007026,6,2,74
168,211,Giannis Antetokounmpo,Milwaukee Bucks,34,SF,21,06-Nov,222,,1953960,6,11,83
169,212,Jerryd Bayless,Milwaukee Bucks,19,PG,27,06-Mar,200,Arizona,3.00E+06,6,3,75
170,214,Jared Cunningham,Milwaukee Bucks,9,SG,25,06-Apr,195,Oregon State,947276,6,4,76
171,215,Tyler Ennis,Milwaukee Bucks,11,PG,21,06-Mar,194,Syracuse,1662360,6,3,75
172,217,Damien Inglis,Milwaukee Bucks,17,SF,21,06-Aug,246,,855000,6,8,80
173,218,O.J. Mayo,Milwaukee Bucks,3,SG,28,06-May,210,USC,8.00E+06,6,5,77
174,219,Khris Middleton,Milwaukee Bucks,22,SG,24,06-Aug,234,Texas A&M,14700000,6,8,80
175,220,Greg Monroe,Milwaukee Bucks,15,C,26,06-Nov,265,Georgetown,16407500,6,11,83
176,222,Johnny O'Bryant III,Milwaukee Bucks,77,PF,23,06-Sep,257,LSU,845059,6,9,81
177,223,Jabari Parker,Milwaukee Bucks,12,PF,21,06-Aug,250,Duke,5152440,6,8,80
178,224,Miles Plumlee,Milwaukee Bucks,18,C,27,06-Nov,249,Duke,2109294,6,11,83
179,226,Rashad Vaughn,Milwaukee Bucks,20,SG,19,06-Jun,202,UNLV,1733040,6,6,78
180,227,Justin Anderson,Dallas Mavericks,1,SG,22,06-Jun,228,Virginia,1449000,6,6,78
181,228,J.J. Barea,Dallas Mavericks,5,PG,31,6-0,185,Northeastern,4290000,6,0,72
182,229,Jeremy Evans,Dallas Mavericks,21,SF,28,06-Sep,200,Western Kentucky,1100602,6,9,81
183,230,Raymond Felton,Dallas Mavericks,2,PG,31,06-Jan,205,North Carolina,3950313,6,1,73
184,231,Devin Harris,Dallas Mavericks,34,PG,33,06-Mar,185,Wisconsin,4053446,6,3,75
185,232,David Lee,Dallas Mavericks,42,PF,33,06-Sep,245,Florida,2085671,6,9,81
186,233,Wesley Matthews,Dallas Mavericks,23,SG,29,06-May,220,Marquette,16407500,6,5,77
187,234,JaVale McGee,Dallas Mavericks,11,C,28,7-0,270,Nevada,1270964,7,0,84
188,235,Salah Mejri,Dallas Mavericks,50,C,29,07-Feb,245,,525093,7,2,86
189,236,Dirk Nowitzki,Dallas Mavericks,41,PF,37,7-0,245,,8333334,7,0,84
190,237,Zaza Pachulia,Dallas Mavericks,27,C,32,06-Nov,275,,5200000,6,11,83
191,238,Chandler Parsons,Dallas Mavericks,25,SF,27,06-Oct,230,Florida,15361500,6,10,82
192,239,Dwight Powell,Dallas Mavericks,7,PF,24,06-Nov,240,Stanford,845059,6,11,83
193,240,Charlie Villanueva,Dallas Mavericks,3,PF,31,06-Nov,232,Connecticut,947276,6,11,83
194,242,Trevor Ariza,Houston Rockets,1,SF,30,06-Aug,215,UCLA,8193030,6,8,80
195,243,Michael Beasley,Houston Rockets,8,SF,27,06-Oct,235,Kansas State,306527,6,10,82
196,244,Patrick Beverley,Houston Rockets,2,PG,27,06-Jan,185,Arkansas,6486486,6,1,73
197,245,Corey Brewer,Houston Rockets,33,SG,30,06-Sep,186,Florida,8229375,6,9,81
198,246,Clint Capela,Houston Rockets,15,PF,22,06-Oct,240,,1242720,6,10,82
199,247,Sam Dekker,Houston Rockets,7,SF,22,06-Sep,230,Wisconsin,1646400,6,9,81
200,248,Andrew Goudelock,Houston Rockets,0,PG,27,06-Mar,200,Charleston,200600,6,3,75
201,250,Montrezl Harrell,Houston Rockets,35,PF,22,06-Aug,240,Louisville,1.00E+06,6,8,80
202,251,Dwight Howard,Houston Rockets,12,C,30,06-Nov,265,,22359364,6,11,83
203,252,Terrence Jones,Houston Rockets,6,PF,24,06-Sep,252,Kentucky,2489530,6,9,81
204,253,K.J. McDaniels,Houston Rockets,32,SG,23,06-Jun,205,Clemson,3189794,6,6,78
205,254,Donatas Motiejunas,Houston Rockets,20,PF,25,7-0,222,,2288205,7,0,84
206,255,Josh Smith,Houston Rockets,5,C,30,06-Sep,225,,947276,6,9,81
207,257,Jordan Adams,Memphis Grizzlies,3,SG,21,06-May,209,UCLA,1404600,6,5,77
208,258,Tony Allen,Memphis Grizzlies,9,SG,34,06-Apr,213,Oklahoma State,5158539,6,4,76
209,259,Chris Andersen,Memphis Grizzlies,7,PF,37,06-Oct,245,Blinn College,5.00E+06,6,10,82
210,260,Matt Barnes,Memphis Grizzlies,22,SF,36,06-Jul,226,UCLA,3542500,6,7,79
211,261,Vince Carter,Memphis Grizzlies,15,SG,39,06-Jun,220,North Carolina,4088019,6,6,78
212,262,Mike Conley,Memphis Grizzlies,11,PG,28,06-Jan,175,Ohio State,9588426,6,1,73
213,263,Bryce Cotton,Memphis Grizzlies,8,PG,23,06-Jan,165,Providence,700902,6,1,73
214,265,Marc Gasol,Memphis Grizzlies,33,C,31,07-Jan,255,,19688000,7,1,85
215,266,JaMychal Green,Memphis Grizzlies,0,PF,25,06-Sep,227,Alabama,845059,6,9,81
216,267,P.J. Hairston,Memphis Grizzlies,19,SF,23,06-Jun,230,North Carolina,1201440,6,6,78
217,268,Jarell Martin,Memphis Grizzlies,10,PF,22,06-Oct,239,LSU,1230840,6,10,82
218,269,Ray McCallum,Memphis Grizzlies,5,PG,24,06-Mar,190,Detroit,NA,6,3,75
219,271,Zach Randolph,Memphis Grizzlies,50,PF,34,06-Sep,260,Michigan State,9638555,6,9,81
220,272,Lance Stephenson,Memphis Grizzlies,1,SF,25,06-May,230,Cincinnati,9.00E+06,6,5,77
221,273,Alex Stepheson,Memphis Grizzlies,35,PF,28,06-Oct,270,USC,NA,6,10,82
222,274,Brandan Wright,Memphis Grizzlies,34,PF,28,06-Oct,210,North Carolina,5464000,6,10,82
223,275,Alexis Ajinca,New Orleans Pelicans,42,C,28,07-Feb,248,,4389607,7,2,86
224,276,Ryan Anderson,New Orleans Pelicans,33,PF,28,06-Oct,240,California,8500000,6,10,82
225,277,Omer Asik,New Orleans Pelicans,3,C,29,7-0,255,,9213483,7,0,84
226,278,Luke Babbitt,New Orleans Pelicans,8,SF,26,06-Sep,225,Nevada,1100602,6,9,81
227,279,Norris Cole,New Orleans Pelicans,30,PG,27,06-Feb,175,Cleveland State,3036927,6,2,74
228,281,Anthony Davis,New Orleans Pelicans,23,PF,23,06-Oct,253,Kentucky,7070730,6,10,82
229,282,Bryce Dejean-Jones,New Orleans Pelicans,31,SG,23,06-Jun,203,Iowa State,169883,6,6,78
230,283,Toney Douglas,New Orleans Pelicans,16,PG,30,06-Feb,195,Florida State,1164858,6,2,74
231,284,James Ennis,New Orleans Pelicans,4,SF,25,06-Jul,210,Long Beach State,845059,6,7,79
232,285,Tyreke Evans,New Orleans Pelicans,1,SG,26,06-Jun,220,Memphis,10734586,6,6,78
233,286,Tim Frazier,New Orleans Pelicans,2,PG,25,06-Jan,170,Penn State,845059,6,1,73
234,287,Alonzo Gee,New Orleans Pelicans,15,SF,29,06-Jun,225,Alabama,1320000,6,6,78
235,288,Eric Gordon,New Orleans Pelicans,10,SG,27,06-Apr,215,Indiana,15514031,6,4,76
236,289,Jordan Hamilton,New Orleans Pelicans,25,SG,25,06-Jul,220,Texas,1015421,6,7,79
237,290,Jrue Holiday,New Orleans Pelicans,11,PG,25,06-Apr,205,UCLA,10595507,6,4,76
238,291,Orlando Johnson,New Orleans Pelicans,0,SG,27,06-May,220,UC Santa Barbara,55722,6,5,77
239,292,Kendrick Perkins,New Orleans Pelicans,5,C,31,06-Oct,270,,947276,6,10,82
240,293,Quincy Pondexter,New Orleans Pelicans,20,SF,28,06-Jul,220,Washington,3382023,6,7,79
241,295,Kyle Anderson,San Antonio Spurs,1,SF,22,06-Sep,230,UCLA,1142880,6,9,81
242,296,Matt Bonner,San Antonio Spurs,15,C,36,06-Oct,235,Florida,947276,6,10,82
243,297,Boris Diaw,San Antonio Spurs,33,C,34,06-Aug,250,,7500000,6,8,80
244,299,Manu Ginobili,San Antonio Spurs,20,SG,38,06-Jun,205,,2814000,6,6,78
245,303,Kevin Martin,San Antonio Spurs,23,SG,33,06-Jul,199,Western Carolina,200600,6,7,79
246,304,Andre Miller,San Antonio Spurs,24,PG,40,06-Mar,200,Utah,250750,6,3,75
247,305,Patty Mills,San Antonio Spurs,8,PG,27,6-0,185,Saint Mary's,3578947,6,0,72
248,306,Tony Parker,San Antonio Spurs,9,PG,34,06-Feb,185,,13437500,6,2,74
249,307,Jonathon Simmons,San Antonio Spurs,17,SG,26,06-Jun,195,Houston,525093,6,6,78
250,308,David West,San Antonio Spurs,30,PF,35,06-Sep,250,Xavier,1499187,6,9,81
251,309,Kent Bazemore,Atlanta Hawks,24,SF,26,06-May,201,Old Dominion,2.00E+06,6,5,77
252,310,Tim Hardaway Jr.,Atlanta Hawks,10,SG,24,06-Jun,205,Michigan,1304520,6,6,78
253,312,Al Horford,Atlanta Hawks,15,C,30,06-Oct,245,Florida,1.20E+07,6,10,82
254,315,Paul Millsap,Atlanta Hawks,4,PF,31,06-Aug,246,Louisiana Tech,18671659,6,8,80
255,316,Mike Muscala,Atlanta Hawks,31,PF,24,06-Nov,240,Bucknell,947276,6,11,83
256,317,Lamar Patterson,Atlanta Hawks,13,SG,24,06-May,225,Pittsburgh,525093,6,5,77
257,318,Dennis Schroder,Atlanta Hawks,17,PG,22,06-Jan,172,,1763400,6,1,73
258,319,Mike Scott,Atlanta Hawks,32,PF,27,06-Aug,237,Virginia,3333333,6,8,80
259,320,Thabo Sefolosha,Atlanta Hawks,25,SF,32,06-Jul,220,,4.00E+06,6,7,79
260,321,Tiago Splitter,Atlanta Hawks,11,C,31,06-Nov,245,,9756250,6,11,83
261,322,Walter Tavares,Atlanta Hawks,22,C,24,07-Mar,260,,1.00E+06,7,3,87
262,323,Jeff Teague,Atlanta Hawks,0,PG,27,06-Feb,186,Wake Forest,8.00E+06,6,2,74
263,324,Nicolas Batum,Charlotte Hornets,5,SG,27,06-Aug,200,,13125306,6,8,80
264,325,Troy Daniels,Charlotte Hornets,30,SG,24,06-Apr,205,Virginia Commonwealth,947276,6,4,76
265,326,Jorge Gutierrez,Charlotte Hornets,12,PG,27,06-Mar,189,California,189455,6,3,75
266,327,Tyler Hansbrough,Charlotte Hornets,50,PF,30,06-Sep,250,North Carolina,947276,6,9,81
267,328,Aaron Harrison,Charlotte Hornets,9,SG,21,06-Jun,210,Kentucky,525093,6,6,78
268,330,Al Jefferson,Charlotte Hornets,25,C,31,06-Oct,289,,13500000,6,10,82
269,331,Frank Kaminsky III,Charlotte Hornets,44,C,23,7-0,240,Wisconsin,2612520,7,0,84
270,332,Michael Kidd-Gilchrist,Charlotte Hornets,14,SF,22,06-Jul,232,Kentucky,6331404,6,7,79
271,333,Jeremy Lamb,Charlotte Hornets,3,SG,24,06-May,185,Connecticut,3034356,6,5,77
272,334,Courtney Lee,Charlotte Hornets,1,SG,30,06-May,200,Western Kentucky,5675000,6,5,77
273,335,Jeremy Lin,Charlotte Hornets,7,PG,27,06-Mar,200,Harvard,2139000,6,3,75
274,336,Kemba Walker,Charlotte Hornets,15,PG,26,06-Jan,184,Connecticut,1.20E+07,6,1,73
275,337,Marvin Williams,Charlotte Hornets,2,PF,29,06-Sep,237,North Carolina,7.00E+06,6,9,81
276,338,Cody Zeller,Charlotte Hornets,40,C,23,7-0,240,Indiana,4204200,7,0,84
277,339,Chris Bosh,Miami Heat,1,PF,32,06-Nov,235,Georgia Tech,22192730,6,11,83
278,340,Luol Deng,Miami Heat,9,SF,31,06-Sep,220,Duke,10151612,6,9,81
279,341,Goran Dragic,Miami Heat,7,PG,30,06-Mar,190,,14783000,6,3,75
280,342,Gerald Green,Miami Heat,14,SF,30,06-Jul,205,,947276,6,7,79
281,343,Udonis Haslem,Miami Heat,40,PF,36,06-Aug,235,Florida,2854940,6,8,80
282,345,Tyler Johnson,Miami Heat,8,SG,24,06-Apr,186,Fresno State,845059,6,4,76
283,346,Josh McRoberts,Miami Heat,4,PF,29,06-Oct,240,Duke,5543725,6,10,82
284,348,Amar'e Stoudemire,Miami Heat,5,PF,33,06-Oct,245,,947276,6,10,82
285,349,Dwyane Wade,Miami Heat,3,SG,34,06-Apr,220,Marquette,2.00E+07,6,4,76
286,351,Hassan Whiteside,Miami Heat,21,C,26,7-0,265,Marshall,981348,7,0,84
287,353,Dorell Wright,Miami Heat,11,SF,30,06-Sep,205,,NA,6,9,81
288,354,Dewayne Dedmon,Orlando Magic,3,C,26,7-0,245,USC,947276,7,0,84
289,355,Evan Fournier,Orlando Magic,10,SG,23,06-Jul,205,,2288205,6,7,79
290,357,Mario Hezonja,Orlando Magic,23,SG,21,06-Aug,218,,3741480,6,8,80
291,358,Ersan Ilyasova,Orlando Magic,7,PF,29,06-Oct,235,,7900000,6,10,82
292,359,Brandon Jennings,Orlando Magic,55,PG,26,06-Jan,169,,8344497,6,1,73
293,360,Devyn Marble,Orlando Magic,11,SF,23,06-Jun,200,Iowa,845059,6,6,78
294,361,Shabazz Napier,Orlando Magic,13,PG,24,06-Jan,175,Connecticut,1294440,6,1,73
295,362,Andrew Nicholson,Orlando Magic,44,PF,26,06-Sep,250,St. Bonaventure,2380593,6,9,81
296,364,Elfrid Payton,Orlando Magic,4,PG,22,06-Apr,185,Louisiana-Lafayette,2505720,6,4,76
297,366,Nikola Vucevic,Orlando Magic,9,C,25,7-0,260,USC,11250000,7,0,84
298,367,C.J. Watson,Orlando Magic,32,PG,32,06-Feb,175,Tennessee,5.00E+06,6,2,74
299,368,Alan Anderson,Washington Wizards,6,SG,33,06-Jun,220,Michigan State,4.00E+06,6,6,78
300,370,Jared Dudley,Washington Wizards,1,SF,30,06-Jul,225,Boston College,4375000,6,7,79
301,371,Jarell Eddie,Washington Wizards,8,SG,24,06-Jul,218,Virginia Tech,561716,6,7,79
302,372,Drew Gooden,Washington Wizards,90,PF,34,06-Oct,250,Kansas,3300000,6,10,82
303,373,Marcin Gortat,Washington Wizards,13,C,32,06-Nov,240,,11217391,6,11,83
304,375,Nene Hilario,Washington Wizards,42,C,33,06-Nov,250,,1.30E+07,6,11,83
305,377,Kelly Oubre Jr.,Washington Wizards,12,SF,20,06-Jul,205,Kansas,1920240,6,7,79
306,378,Otto Porter Jr.,Washington Wizards,22,SF,23,06-Aug,198,Georgetown,4662960,6,8,80
307,380,Garrett Temple,Washington Wizards,17,SG,30,06-Jun,195,LSU,1100602,6,6,78
308,381,Marcus Thornton,Washington Wizards,15,SF,29,06-Apr,205,LSU,200600,6,4,76
309,382,John Wall,Washington Wizards,2,PG,25,06-Apr,195,Kentucky,15851950,6,4,76
310,383,Darrell Arthur,Denver Nuggets,0,PF,28,06-Sep,235,Kansas,2814000,6,9,81
311,384,D.J. Augustin,Denver Nuggets,12,PG,28,6-0,183,Texas,3.00E+06,6,0,72
312,385,Will Barton,Denver Nuggets,5,SF,25,06-Jun,175,Memphis,3533333,6,6,78
313,386,Wilson Chandler,Denver Nuggets,21,SF,29,06-Aug,225,DePaul,10449438,6,8,80
314,387,Kenneth Faried,Denver Nuggets,35,PF,26,06-Aug,228,Morehead State,11235955,6,8,80
315,388,Danilo Gallinari,Denver Nuggets,8,SF,27,06-Oct,225,,1.40E+07,6,10,82
316,390,Nikola Jokic,Denver Nuggets,15,C,21,06-Oct,250,,1300000,6,10,82
317,391,Joffrey Lauvergne,Denver Nuggets,77,C,24,06-Nov,220,,1709719,6,11,83
318,393,Emmanuel Mudiay,Denver Nuggets,0,PG,20,06-May,200,,3102240,6,5,77
319,394,Jameer Nelson,Denver Nuggets,1,PG,34,6-0,190,Saint Joseph's,4345000,6,0,72
320,395,Jusuf Nurkic,Denver Nuggets,23,C,21,7-0,280,,1842000,7,0,84
321,396,JaKarr Sampson,Denver Nuggets,9,SG,23,06-Sep,214,St. John's,258489,6,9,81
322,397,Axel Toupane,Denver Nuggets,6,SG,23,06-Jul,210,,NA,6,7,79
323,398,Nemanja Bjelica,Minnesota Timberwolves,88,PF,28,06-Oct,240,,3950001,6,10,82
324,399,Gorgui Dieng,Minnesota Timberwolves,5,C,26,06-Nov,241,Louisville,1474440,6,11,83
325,400,Kevin Garnett,Minnesota Timberwolves,21,PF,40,06-Nov,240,,8500000,6,11,83
326,401,Tyus Jones,Minnesota Timberwolves,1,PG,20,06-Feb,195,Duke,1282080,6,2,74
327,402,Zach LaVine,Minnesota Timberwolves,8,PG,21,06-May,189,UCLA,2148360,6,5,77
328,403,Shabazz Muhammad,Minnesota Timberwolves,15,SF,23,06-Jun,223,UCLA,2056920,6,6,78
329,404,Adreian Payne,Minnesota Timberwolves,33,PF,25,06-Oct,237,Michigan State,1938840,6,10,82
330,405,Nikola Pekovic,Minnesota Timberwolves,14,C,30,06-Nov,307,,12100000,6,11,83
331,406,Tayshaun Prince,Minnesota Timberwolves,12,SF,36,06-Sep,212,Kentucky,947276,6,9,81
332,407,Ricky Rubio,Minnesota Timberwolves,9,PG,25,06-Apr,194,,12700000,6,4,76
333,408,Damjan Rudez,Minnesota Timberwolves,10,SF,29,06-Sep,230,,1149500,6,9,81
334,409,Greg Smith,Minnesota Timberwolves,4,PF,25,06-Oct,250,Fresno State,NA,6,10,82
335,410,Karl-Anthony Towns,Minnesota Timberwolves,32,C,20,7-0,244,Kentucky,5703600,7,0,84
336,411,Andrew Wiggins,Minnesota Timberwolves,22,SG,21,06-Aug,199,Kansas,5758680,6,8,80
337,412,Steven Adams,Oklahoma City Thunder,12,C,22,7-0,255,Pittsburgh,2279040,7,0,84
338,413,Nick Collison,Oklahoma City Thunder,4,PF,35,06-Oct,255,Kansas,3750000,6,10,82
339,414,Kevin Durant,Oklahoma City Thunder,35,SF,27,06-Sep,240,Texas,20158622,6,9,81
340,415,Randy Foye,Oklahoma City Thunder,6,SG,32,06-Apr,213,Villanova,3135000,6,4,76
341,416,Josh Huestis,Oklahoma City Thunder,34,SF,24,06-Jul,230,Stanford,1140240,6,7,79
342,417,Serge Ibaka,Oklahoma City Thunder,9,PF,26,06-Oct,245,,12250000,6,10,82
343,418,Enes Kanter,Oklahoma City Thunder,11,C,24,06-Nov,245,Kentucky,16407500,6,11,83
344,419,Mitch McGary,Oklahoma City Thunder,33,PF,24,06-Oct,255,Michigan,1463040,6,10,82
345,420,Nazr Mohammed,Oklahoma City Thunder,13,C,38,06-Oct,250,Kentucky,222888,6,10,82
346,421,Anthony Morrow,Oklahoma City Thunder,2,SG,30,06-May,210,Georgia Tech,3344000,6,5,77
347,422,Cameron Payne,Oklahoma City Thunder,22,PG,21,06-Mar,185,Murray State,2021520,6,3,75
348,423,Andre Roberson,Oklahoma City Thunder,21,SG,24,06-Jul,210,Colorado,1210800,6,7,79
349,424,Kyle Singler,Oklahoma City Thunder,5,SF,28,06-Aug,228,Duke,4500000,6,8,80
350,425,Dion Waiters,Oklahoma City Thunder,3,SG,24,06-Apr,220,Syracuse,5138430,6,4,76
351,426,Russell Westbrook,Oklahoma City Thunder,0,PG,27,06-Mar,200,UCLA,16744218,6,3,75
352,427,Cliff Alexander,Portland Trail Blazers,34,PF,20,06-Aug,240,Kansas,525093,6,8,80
353,428,Al-Farouq Aminu,Portland Trail Blazers,8,SF,25,06-Sep,215,Wake Forest,8042895,6,9,81
354,429,Pat Connaughton,Portland Trail Blazers,5,SG,23,06-May,206,Notre Dame,625093,6,5,77
355,430,Allen Crabbe,Portland Trail Blazers,23,SG,24,06-Jun,210,California,947276,6,6,78
356,432,Maurice Harkless,Portland Trail Blazers,4,SF,23,06-Sep,215,St. John's,2894059,6,9,81
357,434,Chris Kaman,Portland Trail Blazers,35,C,34,7-0,265,Central Michigan,5016000,7,0,84
358,435,Meyers Leonard,Portland Trail Blazers,11,PF,24,07-Jan,245,Illinois,3075880,7,1,85
359,436,Damian Lillard,Portland Trail Blazers,0,PG,25,06-Mar,195,Weber State,4236287,6,3,75
360,437,C.J. McCollum,Portland Trail Blazers,3,SG,24,06-Apr,200,Lehigh,2525160,6,4,76
361,438,Luis Montero,Portland Trail Blazers,44,SG,23,06-Jul,185,Westchester CC,525093,6,7,79
362,441,Noah Vonleh,Portland Trail Blazers,21,PF,20,06-Sep,240,Indiana,2637720,6,9,81
363,442,Trevor Booker,Utah Jazz,33,PF,28,06-Aug,228,Clemson,4775000,6,8,80
364,443,Trey Burke,Utah Jazz,3,PG,23,06-Jan,191,Michigan,2658240,6,1,73
365,444,Alec Burks,Utah Jazz,10,SG,24,06-Jun,214,Colorado,9463484,6,6,78
366,445,Dante Exum,Utah Jazz,11,PG,20,06-Jun,190,,3777720,6,6,78
367,446,Derrick Favors,Utah Jazz,15,PF,24,06-Oct,265,Georgia Tech,1.20E+07,6,10,82
368,447,Rudy Gobert,Utah Jazz,27,C,23,07-Jan,245,,1175880,7,1,85
369,448,Gordon Hayward,Utah Jazz,20,SF,26,06-Aug,226,Butler,15409570,6,8,80
370,449,Rodney Hood,Utah Jazz,5,SG,23,06-Aug,206,Duke,1348440,6,8,80
371,450,Joe Ingles,Utah Jazz,2,SF,28,06-Aug,226,,2050000,6,8,80
372,451,Chris Johnson,Utah Jazz,23,SF,26,06-Jun,206,Dayton,981348,6,6,78
373,452,Trey Lyles,Utah Jazz,41,PF,20,06-Oct,234,Kentucky,2239800,6,10,82
374,453,Shelvin Mack,Utah Jazz,8,PG,26,06-Mar,203,Butler,2433333,6,3,75
375,454,Raul Neto,Utah Jazz,25,PG,24,06-Jan,179,,9.00E+05,6,1,73
376,455,Tibor Pleiss,Utah Jazz,21,C,26,07-Mar,256,,2900000,7,3,87
377,457,,,NA,,NA,,NA,,NA,NA,NA,#VALUE!
